[{"model": "auth.permission", "pk": 1, "fields": {"name": "Can add log entry", "content_type": 1, "codename": "add_logentry"}}, {"model": "auth.permission", "pk": 2, "fields": {"name": "Can change log entry", "content_type": 1, "codename": "change_logentry"}}, {"model": "auth.permission", "pk": 3, "fields": {"name": "Can delete log entry", "content_type": 1, "codename": "delete_logentry"}}, {"model": "auth.permission", "pk": 4, "fields": {"name": "Can view log entry", "content_type": 1, "codename": "view_logentry"}}, {"model": "auth.permission", "pk": 5, "fields": {"name": "Can add permission", "content_type": 2, "codename": "add_permission"}}, {"model": "auth.permission", "pk": 6, "fields": {"name": "Can change permission", "content_type": 2, "codename": "change_permission"}}, {"model": "auth.permission", "pk": 7, "fields": {"name": "Can delete permission", "content_type": 2, "codename": "delete_permission"}}, {"model": "auth.permission", "pk": 8, "fields": {"name": "Can view permission", "content_type": 2, "codename": "view_permission"}}, {"model": "auth.permission", "pk": 9, "fields": {"name": "Can add group", "content_type": 3, "codename": "add_group"}}, {"model": "auth.permission", "pk": 10, "fields": {"name": "Can change group", "content_type": 3, "codename": "change_group"}}, {"model": "auth.permission", "pk": 11, "fields": {"name": "Can delete group", "content_type": 3, "codename": "delete_group"}}, {"model": "auth.permission", "pk": 12, "fields": {"name": "Can view group", "content_type": 3, "codename": "view_group"}}, {"model": "auth.permission", "pk": 13, "fields": {"name": "Can add content type", "content_type": 4, "codename": "add_contenttype"}}, {"model": "auth.permission", "pk": 14, "fields": {"name": "Can change content type", "content_type": 4, "codename": "change_contenttype"}}, {"model": "auth.permission", "pk": 15, "fields": {"name": "Can delete content type", "content_type": 4, "codename": "delete_contenttype"}}, {"model": "auth.permission", "pk": 16, "fields": {"name": "Can view content type", "content_type": 4, "codename": "view_contenttype"}}, {"model": "auth.permission", "pk": 17, "fields": {"name": "Can add session", "content_type": 5, "codename": "add_session"}}, {"model": "auth.permission", "pk": 18, "fields": {"name": "Can change session", "content_type": 5, "codename": "change_session"}}, {"model": "auth.permission", "pk": 19, "fields": {"name": "Can delete session", "content_type": 5, "codename": "delete_session"}}, {"model": "auth.permission", "pk": 20, "fields": {"name": "Can view session", "content_type": 5, "codename": "view_session"}}, {"model": "auth.permission", "pk": 21, "fields": {"name": "Can add user", "content_type": 6, "codename": "add_user"}}, {"model": "auth.permission", "pk": 22, "fields": {"name": "Can change user", "content_type": 6, "codename": "change_user"}}, {"model": "auth.permission", "pk": 23, "fields": {"name": "Can delete user", "content_type": 6, "codename": "delete_user"}}, {"model": "auth.permission", "pk": 24, "fields": {"name": "Can view user", "content_type": 6, "codename": "view_user"}}, {"model": "auth.permission", "pk": 25, "fields": {"name": "Can add Категория", "content_type": 7, "codename": "add_category"}}, {"model": "auth.permission", "pk": 26, "fields": {"name": "Can change Категория", "content_type": 7, "codename": "change_category"}}, {"model": "auth.permission", "pk": 27, "fields": {"name": "Can delete Категория", "content_type": 7, "codename": "delete_category"}}, {"model": "auth.permission", "pk": 28, "fields": {"name": "Can view Категория", "content_type": 7, "codename": "view_category"}}, {"model": "auth.permission", "pk": 29, "fields": {"name": "Can add Коментарий", "content_type": 8, "codename": "add_comment"}}, {"model": "auth.permission", "pk": 30, "fields": {"name": "Can change Коментарий", "content_type": 8, "codename": "change_comment"}}, {"model": "auth.permission", "pk": 31, "fields": {"name": "Can delete Коментарий", "content_type": 8, "codename": "delete_comment"}}, {"model": "auth.permission", "pk": 32, "fields": {"name": "Can view Коментарий", "content_type": 8, "codename": "view_comment"}}, {"model": "auth.permission", "pk": 33, "fields": {"name": "Can add Жанр", "content_type": 9, "codename": "add_genre"}}, {"model": "auth.permission", "pk": 34, "fields": {"name": "Can change Жанр", "content_type": 9, "codename": "change_genre"}}, {"model": "auth.permission", "pk": 35, "fields": {"name": "Can delete Жанр", "content_type": 9, "codename": "delete_genre"}}, {"model": "auth.permission", "pk": 36, "fields": {"name": "Can view Жанр", "content_type": 9, "codename": "view_genre"}}, {"model": "auth.permission", "pk": 37, "fields": {"name": "Can add genre title", "content_type": 10, "codename": "add_genretitle"}}, {"model": "auth.permission", "pk": 38, "fields": {"name": "Can change genre title", "content_type": 10, "codename": "change_genretitle"}}, {"model": "auth.permission", "pk": 39, "fields": {"name": "Can delete genre title", "content_type": 10, "codename": "delete_genretitle"}}, {"model": "auth.permission", "pk": 40, "fields": {"name": "Can view genre title", "content_type": 10, "codename": "view_genretitle"}}, {"model": "auth.permission", "pk": 41, "fields": {"name": "Can add Отзыв", "content_type": 11, "codename": "add_review"}}, {"model": "auth.permission", "pk": 42, "fields": {"name": "Can change Отзыв", "content_type": 11, "codename": "change_review"}}, {"model": "auth.permission", "pk": 43, "fields": {"name": "Can delete Отзыв", "content_type": 11, "codename": "delete_review"}}, {"model": "auth.permission", "pk": 44, "fields": {"name": "Can view Отзыв", "content_type": 11, "codename": "view_review"}}, {"model": "auth.permission", "pk": 45, "fields": {"name": "Can add Произведение", "content_type": 12, "codename": "add_title"}}, {"model": "auth.permission", "pk": 46, "fields": {"name": "Can change Произведение", "content_type": 12, "codename": "change_title"}}, {"model": "auth.permission", "pk": 47, "fields": {"name": "Can delete Произведение", "content_type": 12, "codename": "delete_title"}}, {"model": "auth.permission", "pk": 48, "fields": {"name": "Can view Произведение", "content_type": 12, "codename": "view_title"}}, {"model": "contenttypes.contenttype", "pk": 1, "fields": {"app_label": "admin", "model": "logentry"}}, {"model": "contenttypes.contenttype", "pk": 2, "fields": {"app_label": "auth", "model": "permission"}}, {"model": "contenttypes.contenttype", "pk": 3, "fields": {"app_label": "auth", "model": "group"}}, {"model": "contenttypes.contenttype", "pk": 4, "fields": {"app_label": "contenttypes", "model": "contenttype"}}, {"model": "contenttypes.contenttype", "pk": 5, "fields": {"app_label": "sessions", "model": "session"}}, {"model": "contenttypes.contenttype", "pk": 6, "fields": {"app_label": "users", "model": "user"}}, {"model": "contenttypes.contenttype", "pk": 7, "fields": {"app_label": "reviews", "model": "category"}}, {"model": "contenttypes.contenttype", "pk": 8, "fields": {"app_label": "reviews", "model": "comment"}}, {"model": "contenttypes.contenttype", "pk": 9, "fields": {"app_label": "reviews", "model": "genre"}}, {"model": "contenttypes.contenttype", "pk": 10, "fields": {"app_label": "reviews", "model": "genretitle"}}, {"model": "contenttypes.contenttype", "pk": 11, "fields": {"app_label": "reviews", "model": "review"}}, {"model": "contenttypes.contenttype", "pk": 12, "fields": {"app_label": "reviews", "model": "title"}}, {"model": "users.user", "pk": 100, "fields": {"password": "", "last_login": null, "is_superuser": false, "is_staff": false, "is_active": true, "username": "bingobongo", "email": "bingobongo@yamdb.fake", "first_name": "", "last_name": "", "date_joined": "2023-04-27T10:00:20.810Z", "bio": "", "role": "user", "groups": [], "user_permissions": []}}, {"model": "users.user", "pk": 101, "fields": {"password": "", "last_login": null, "is_superuser": false, "is_staff": false, "is_active": true, "username": "capt_obvious", "email": "capt_obvious@yamdb.fake", "first_name": "", "last_name": "", "date_joined": "2023-04-27T10:00:20.815Z", "bio": "", "role": "admin", "groups": [], "user_permissions": []}}, {"model": "users.user", "pk": 102, "fields": {"password": "", "last_login": null, "is_superuser": false, "is_staff": false, "is_active": true, "username": "faust", "email": "faust@yamdb.fake", "first_name": "", "last_name": "", "date_joined": "2023-04-27T10:00:20.818Z", "bio": "", "role": "user", "groups": [], "user_permissions": []}}, {"model": "users.user", "pk": 103, "fields": {"password": "", "last_login": null, "is_superuser": false, "is_staff": false, "is_active": true, "username": "reviewer", "email": "reviewer@yamdb.fake", "first_name": "", "last_name": "", "date_joined": "2023-04-27T10:00:20.820Z", "bio": "", "role": "user", "groups": [], "user_permissions": []}}, {"model": "users.user", "pk": 104, "fields": {"password": "", "last_login": null, "is_superuser": false, "is_staff": false, "is_active": true, "username": "angry", "email": "angry@yamdb.fake", "first_name": "", "last_name": "", "date_joined": "2023-04-27T10:00:20.823Z", "bio": "", "role": "moderator", "groups": [], "user_permissions": []}}, {"model": "reviews.category", "pk": 1, "fields": {"name": "Фильм", "slug": "movie"}}, {"model": "reviews.category", "pk": 2, "fields": {"name": "Книга", "slug": "book"}}, {"model": "reviews.category", "pk": 3, "fields": {"name": "Музыка", "slug": "music"}}, {"model": "reviews.genre", "pk": 1, "fields": {"name": "Драма", "slug": "drama"}}, {"model": "reviews.genre", "pk": 2, "fields": {"name": "Комедия", "slug": "comedy"}}, {"model": "reviews.genre", "pk": 3, "fields": {"name": "Вестерн", "slug": "western"}}, {"model": "reviews.genre", "pk": 4, "fields": {"name": "Фэнтези", "slug": "fantasy"}}, {"model": "reviews.genre", "pk": 5, "fields": {"name": "Фантастика", "slug": "sci-fi"}}, {"model": "reviews.genre", "pk": 6, "fields": {"name": "Детектив", "slug": "detective"}}, {"model": "reviews.genre", "pk": 7, "fields": {"name": "Триллер", "slug": "thriller"}}, {"model": "reviews.genre", "pk": 8, "fields": {"name": "Сказка", "slug": "tale"}}, {"model": "reviews.genre", "pk": 9, "fields": {"name": "Гонзо", "slug": "gonzo"}}, {"model": "reviews.genre", "pk": 10, "fields": {"name": "Роман", "slug": "roman"}}, {"model": "reviews.genre", "pk": 11, "fields": {"name": "Баллада", "slug": "ballad"}}, {"model": "reviews.genre", "pk": 12, "fields": {"name": "Rock-n-roll", "slug": "rock-n-roll"}}, {"model": "reviews.genre", "pk": 13, "fields": {"name": "Классика", "slug": "classical"}}, {"model": "reviews.genre", "pk": 14, "fields": {"name": "Рок", "slug": "rock"}}, {"model": "reviews.genre", "pk": 15, "fields": {"name": "Шансон", "slug": "chanson"}}, {"model": "reviews.title", "pk": 1, "fields": {"name": "Побег из Шоушенка", "year": 1994, "description": null, "category": 1}}, {"model": "reviews.title", "pk": 2, "fields": {"name": "Крестный отец", "year": 1972, "description": null, "category": 1}}, {"model": "reviews.title", "pk": 3, "fields": {"name": "12 разгневанных мужчин", "year": 1957, "description": null, "category": 1}}, {"model": "reviews.title", "pk": 4, "fields": {"name": "Список Шиндлера", "year": 1993, "description": null, "category": 1}}, {"model": "reviews.title", "pk": 5, "fields": {"name": "Криминальное чтиво", "year": 1994, "description": null, "category": 1}}, {"model": "reviews.title", "pk": 6, "fields": {"name": "Хороший, плохой, злой", "year": 1966, "description": null, "category": 1}}, {"model": "reviews.title", "pk": 7, "fields": {"name": "Властелин колец: Братство кольца", "year": 2001, "description": null, "category": 1}}, {"model": "reviews.title", "pk": 8, "fields": {"name": "Бойцовский клуб", "year": 1999, "description": null, "category": 1}}, {"model": "reviews.title", "pk": 9, "fields": {"name": "Форрест Гамп", "year": 1994, "description": null, "category": 1}}, {"model": "reviews.title", "pk": 10, "fields": {"name": "Звёздные войны. Эпизод 5: Империя наносит ответный удар", "year": 1980, "description": null, "category": 1}}, {"model": "reviews.title", "pk": 11, "fields": {"name": "Властелин колец: Две крепости", "year": 2002, "description": null, "category": 1}}, {"model": "reviews.title", "pk": 12, "fields": {"name": "Матрица", "year": 1999, "description": null, "category": 1}}, {"model": "reviews.title", "pk": 13, "fields": {"name": "Пролетая над гнездом кукушки", "year": 1975, "description": null, "category": 1}}, {"model": "reviews.title", "pk": 14, "fields": {"name": "Назад в будущее", "year": 1985, "description": null, "category": 1}}, {"model": "reviews.title", "pk": 15, "fields": {"name": "Операция «Ы» и другие приключения Шурика", "year": 1965, "description": null, "category": 1}}, {"model": "reviews.title", "pk": 16, "fields": {"name": "Карты, деньги, два ствола", "year": 1998, "description": null, "category": 1}}, {"model": "reviews.title", "pk": 17, "fields": {"name": "Джентльмены удачи ", "year": 1971, "description": null, "category": 1}}, {"model": "reviews.title", "pk": 18, "fields": {"name": "Джанго освобожденный", "year": 2012, "description": null, "category": 1}}, {"model": "reviews.title", "pk": 19, "fields": {"name": "Generation П", "year": 2011, "description": null, "category": 1}}, {"model": "reviews.title", "pk": 20, "fields": {"name": "Колобок", "year": 1873, "description": null, "category": 2}}, {"model": "reviews.title", "pk": 21, "fields": {"name": "Страх и ненависть в Лас-Вегасе", "year": 1971, "description": null, "category": 2}}, {"model": "reviews.title", "pk": 22, "fields": {"name": "Война и мир", "year": 1865, "description": null, "category": 2}}, {"model": "reviews.title", "pk": 23, "fields": {"name": "Улисс", "year": 1918, "description": null, "category": 2}}, {"model": "reviews.title", "pk": 24, "fields": {"name": "Generation П", "year": 1999, "description": null, "category": 2}}, {"model": "reviews.title", "pk": 25, "fields": {"name": "Винни Пух и все-все-все", "year": 1926, "description": null, "category": 2}}, {"model": "reviews.title", "pk": 26, "fields": {"name": "Стас Михайлов - Позывные на любовь", "year": 2004, "description": null, "category": 3}}, {"model": "reviews.title", "pk": 27, "fields": {"name": "Led Zeppelin — Stairway to Heaven", "year": 1971, "description": null, "category": 3}}, {"model": "reviews.title", "pk": 28, "fields": {"name": "Jethro Tull - Aqualung", "year": 1971, "description": null, "category": 3}}, {"model": "reviews.title", "pk": 29, "fields": {"name": "Elvis Presley - Blue Suede Shoes", "year": 1955, "description": null, "category": 3}}, {"model": "reviews.title", "pk": 30, "fields": {"name": "Deep Purple — Smoke on the Water", "year": 1971, "description": null, "category": 3}}, {"model": "reviews.title", "pk": 31, "fields": {"name": "Моцарт - Турецкий марш", "year": 1784, "description": null, "category": 3}}, {"model": "reviews.title", "pk": 32, "fields": {"name": "Бах. Оркестровая Сюита №2 си минор", "year": 1739, "description": null, "category": 3}}, {"model": "reviews.genretitle", "pk": 1, "fields": {"title": 1, "genre": 1}}, {"model": "reviews.genretitle", "pk": 2, "fields": {"title": 2, "genre": 1}}, {"model": "reviews.genretitle", "pk": 3, "fields": {"title": 3, "genre": 1}}, {"model": "reviews.genretitle", "pk": 4, "fields": {"title": 4, "genre": 1}}, {"model": "reviews.genretitle", "pk": 5, "fields": {"title": 5, "genre": 2}}, {"model": "reviews.genretitle", "pk": 6, "fields": {"title": 5, "genre": 6}}, {"model": "reviews.genretitle", "pk": 7, "fields": {"title": 5, "genre": 7}}, {"model": "reviews.genretitle", "pk": 8, "fields": {"title": 6, "genre": 3}}, {"model": "reviews.genretitle", "pk": 9, "fields": {"title": 7, "genre": 4}}, {"model": "reviews.genretitle", "pk": 10, "fields": {"title": 8, "genre": 7}}, {"model": "reviews.genretitle", "pk": 11, "fields": {"title": 9, "genre": 1}}, {"model": "reviews.genretitle", "pk": 12, "fields": {"title": 9, "genre": 2}}, {"model": "reviews.genretitle", "pk": 13, "fields": {"title": 10, "genre": 4}}, {"model": "reviews.genretitle", "pk": 14, "fields": {"title": 11, "genre": 4}}, {"model": "reviews.genretitle", "pk": 15, "fields": {"title": 12, "genre": 1}}, {"model": "reviews.genretitle", "pk": 16, "fields": {"title": 12, "genre": 5}}, {"model": "reviews.genretitle", "pk": 17, "fields": {"title": 12, "genre": 6}}, {"model": "reviews.genretitle", "pk": 18, "fields": {"title": 12, "genre": 8}}, {"model": "reviews.genretitle", "pk": 19, "fields": {"title": 13, "genre": 1}}, {"model": "reviews.genretitle", "pk": 20, "fields": {"title": 14, "genre": 5}}, {"model": "reviews.genretitle", "pk": 21, "fields": {"title": 15, "genre": 2}}, {"model": "reviews.genretitle", "pk": 22, "fields": {"title": 15, "genre": 6}}, {"model": "reviews.genretitle", "pk": 23, "fields": {"title": 15, "genre": 8}}, {"model": "reviews.genretitle", "pk": 24, "fields": {"title": 16, "genre": 2}}, {"model": "reviews.genretitle", "pk": 25, "fields": {"title": 17, "genre": 2}}, {"model": "reviews.genretitle", "pk": 26, "fields": {"title": 18, "genre": 1}}, {"model": "reviews.genretitle", "pk": 27, "fields": {"title": 19, "genre": 1}}, {"model": "reviews.genretitle", "pk": 28, "fields": {"title": 20, "genre": 7}}, {"model": "reviews.genretitle", "pk": 29, "fields": {"title": 20, "genre": 8}}, {"model": "reviews.genretitle", "pk": 30, "fields": {"title": 21, "genre": 9}}, {"model": "reviews.genretitle", "pk": 31, "fields": {"title": 22, "genre": 10}}, {"model": "reviews.genretitle", "pk": 32, "fields": {"title": 23, "genre": 10}}, {"model": "reviews.genretitle", "pk": 33, "fields": {"title": 24, "genre": 10}}, {"model": "reviews.genretitle", "pk": 34, "fields": {"title": 25, "genre": 8}}, {"model": "reviews.genretitle", "pk": 35, "fields": {"title": 26, "genre": 15}}, {"model": "reviews.genretitle", "pk": 36, "fields": {"title": 27, "genre": 11}}, {"model": "reviews.genretitle", "pk": 37, "fields": {"title": 27, "genre": 14}}, {"model": "reviews.genretitle", "pk": 38, "fields": {"title": 28, "genre": 11}}, {"model": "reviews.genretitle", "pk": 39, "fields": {"title": 29, "genre": 12}}, {"model": "reviews.genretitle", "pk": 40, "fields": {"title": 30, "genre": 14}}, {"model": "reviews.genretitle", "pk": 41, "fields": {"title": 31, "genre": 13}}, {"model": "reviews.genretitle", "pk": 42, "fields": {"title": 32, "genre": 13}}, {"model": "reviews.review", "pk": 1, "fields": {"author": 100, "title": 1, "score": 10, "text": "Ставлю десять звёзд!\n...Эти голоса были чище и светлее тех, о которых мечтали в этом сером, убогом месте. Как будто две птички влетели и своими голосами развеяли стены наших клеток, и на короткий миг каждый человек в Шоушенке почувствовал себя свободным.", "pub_date": "2023-04-27T10:00:21.061Z"}}, {"model": "reviews.review", "pk": 2, "fields": {"author": 101, "title": 1, "score": 10, "text": "Не привыкай\n«Эти стены имеют одно свойство: сначала ты их ненавидишь, потом привыкаешь, а потом не можешь без них жить»", "pub_date": "2023-04-27T10:00:21.064Z"}}, {"model": "reviews.review", "pk": 3, "fields": {"author": 102, "title": 2, "score": 10, "text": "Фильм, разобранный на цитаты, достоин высшей оценки. Десять с плюсом (жаль, тут плюса нет)\n\"Ты пришел и говоришь: \"Дон Корлеоне, мне нужна справедливость\". Но ты просишь без уважения, ты не предлагаешь дружбу, ты даже не назвал меня Крестным Отцом.\"", "pub_date": "2023-04-27T10:00:21.067Z"}}, {"model": "reviews.review", "pk": 4, "fields": {"author": 103, "title": 2, "score": 1, "text": "Жестокий, жестокий, жестокий мир, не о таком мечтали мы в детстве!!111\n***Отец сделал ему предложение, от которого он не смог отказаться. Лука Брази держал пистолет у его виска, и отец предложил выбор: либо на контракте мозги, либо подпись.***", "pub_date": "2023-04-27T10:00:21.071Z"}}, {"model": "reviews.review", "pk": 5, "fields": {"author": 104, "title": 2, "score": 3, "text": "Это мои соседи! Ставлю три звезды за то, что они дважды отдавили мне окном пальцы:\n----------------------\n— Вы живёте в плохом районе?\n— Не то слово. Однажды с нашей улицы угнали полицейскую машину с двумя полицейскими. В дом всё время лезут воры. Каждый раз, как я пытаюсь закрыть окно, прищемляю кому-нибудь пальцы.", "pub_date": "2023-04-27T10:00:21.073Z"}}, {"model": "reviews.review", "pk": 6, "fields": {"author": 100, "title": 5, "score": 8, "text": "Всё, как в разных языках программирования! В основном — похоже, но вот эти маленькие различия выводят из себя. \nВеликий фильм на все случаи жизни!\n=====================================================\n— А знаешь, как в Париже называют четвертьфунтовый чизбургер?\n— Что, они не зовут его четвертьфунтовый чизбургер?\n— У них там метрическая система. Они вообще там не понимают, что за хрен четверть фунта.\n— И как они его зовут?\n— Они зовут его «Роял чизбургер».\n— «Роял чизбургер»? А как же тогда они зовут «Биг Мак»?\n— «Биг Мак» это «Биг Мак», только они называют его «Лё Биг Мак».", "pub_date": "2023-04-27T10:00:21.088Z"}}, {"model": "reviews.review", "pk": 7, "fields": {"author": 101, "title": 5, "score": 1, "text": "Ничего не понятно. Они там что, страницы сценария перепутали? Его сперва убили, а потом он опять жив, а они сперва в футболках, потом в костюмах, а потом опять в футболках. Ерунда полная", "pub_date": "2023-04-27T10:00:21.090Z"}}, {"model": "reviews.review", "pk": 8, "fields": {"author": 102, "title": 5, "score": 8, "text": "Очень поучительный фильм о том, что такое хорошо, что такое плохо и почему не надо читать в туалете.\nТвердая восьмёрка", "pub_date": "2023-04-27T10:00:21.093Z"}}, {"model": "reviews.review", "pk": 9, "fields": {"author": 103, "title": 6, "score": 9, "text": "Посмотрел фильм. \n— На свете есть два типа людей: те, кто копает и те, у кого заряжен револьвер.\nПойду копать, как велел Клинт. \nДевять баллов.", "pub_date": "2023-04-27T10:00:21.096Z"}}, {"model": "reviews.review", "pk": 10, "fields": {"author": 104, "title": 6, "score": 10, "text": "Вечная проблема всех злодеев, болтающих-болтающих-болтающих вместо того, чтобы просто застрелить противника, одним махом решена в этой сцене.\nЗа одно это фильм заслуживает высшего балла\n\"Пришел стрелять - стреляй, а не болтай!\"", "pub_date": "2023-04-27T10:00:21.099Z"}}, {"model": "reviews.review", "pk": 12, "fields": {"author": 101, "title": 14, "score": 8, "text": "Недавно именно так я изобрёл вечный двигатель! Чистая правда в фильме, почему он назван \"фантастикой\", это же полнейший реализм!\nВот цитата. Но зачем ему часы в уборной?!\n— В тот день я изобрёл путешествие во времени! Как сейчас помню… Я стоял на унитазе и вешал часы. Вдруг подскользнулся, ударился головой о раковину", "pub_date": "2023-04-27T10:00:21.154Z"}}, {"model": "reviews.review", "pk": 13, "fields": {"author": 102, "title": 14, "score": 7, "text": "Великий фильм, жаль только, что будущее, которое в нём показано, уже в прошлом. Но проблемы всё теже, вот как эта, например: «Док, послушай, всё, что нам нужно — это немного плутония!»\nВсегда не хватает какой-нибудь мелочи. Семёрка за то, что будущее оказалось не таким, как обещали.", "pub_date": "2023-04-27T10:00:21.157Z"}}, {"model": "reviews.review", "pk": 14, "fields": {"author": 103, "title": 14, "score": 4, "text": "Будущее выглядит странно и неожиданно, тоже мне, бином Ньютона. Но диалог прекрасен, и за это не стану сильно минусовать.\n-- Then tell me, future boy, who's President of the United States in 1985?\n-- Ronald Reagan.\n-- Ronald Reagan? The actor? Then who's vice president? Jerry Lewis?", "pub_date": "2023-04-27T10:00:21.160Z"}}, {"model": "reviews.review", "pk": 15, "fields": {"author": 104, "title": 17, "score": 5, "text": "Неужели из тюрьмы так легко было сбежать? Раз - и ты на свободе. Да, побег из Шоушенка пришлось готовить немного дольше. Пять за соцреализм", "pub_date": "2023-04-27T10:00:21.183Z"}}, {"model": "reviews.review", "pk": 16, "fields": {"author": 100, "title": 3, "score": 7, "text": "Сходила в кино, решила написать: драйв и огонь, но иногда какой-то бред на экране. В середине фильма просто отличные диалоги! Пусть будет 7", "pub_date": "2023-04-27T10:00:21.076Z"}}, {"model": "reviews.review", "pk": 17, "fields": {"author": 101, "title": 3, "score": 8, "text": "Смотрел, не отрываясь, хочу описать свои впечатления. По моему мнению, сценарий подкачал, зато подбор актёров - супер. Начало немного затянуто. Оператору - Оскара! Всё остальное - не очень. Фильм тянет на 8 из 10", "pub_date": "2023-04-27T10:00:21.079Z"}}, {"model": "reviews.review", "pk": 18, "fields": {"author": 102, "title": 4, "score": 8, "text": "Скачал, посмотрел, думаю, что актёры так себе, сценарий хороший. Диалоги прекрасные, так что пусть будет восемь звезд", "pub_date": "2023-04-27T10:00:21.082Z"}}, {"model": "reviews.review", "pk": 19, "fields": {"author": 103, "title": 4, "score": 10, "text": "Посмотрел. По моему мнению, актёры так себе, но сценарий хороший. Первую половину фильма можно спать, не опасаясь, что что-то пропустишь. Не раздумывая, ставлю уверенную десятку", "pub_date": "2023-04-27T10:00:21.085Z"}}, {"model": "reviews.review", "pk": 20, "fields": {"author": 104, "title": 7, "score": 5, "text": "Скажу тем, кто ещё не смотрел: если бы я был режиссёром этого фильма - я бы не гордился. Оператора уволить, фильм получился так себе, но один раз посмотреть - сойдёт. Авторы честно заслужили 5 из 10", "pub_date": "2023-04-27T10:00:21.106Z"}}, {"model": "reviews.review", "pk": 21, "fields": {"author": 100, "title": 7, "score": 4, "text": "Скачал, посмотрел, думаю, что сценарий подкачал, зато подбор актёров - супер. Начало немного затянуто, да и вообще не очень. Фильм едва тянет на 4", "pub_date": "2023-04-27T10:00:21.102Z"}}, {"model": "reviews.review", "pk": 22, "fields": {"author": 101, "title": 8, "score": 2, "text": "Мне кажется, что я впустую потерял время. Ставлю 2", "pub_date": "2023-04-27T10:00:21.109Z"}}, {"model": "reviews.review", "pk": 23, "fields": {"author": 102, "title": 8, "score": 2, "text": "Посмотрела. Актёры так себе, сценарий хороший. Уснула к середине. Не раздумывая, ставлю двойку ", "pub_date": "2023-04-27T10:00:21.111Z"}}, {"model": "reviews.review", "pk": 24, "fields": {"author": 103, "title": 9, "score": 10, "text": "Все очень долго ждали премьеру фильма,и наконец дождались.Фильм отличный,добрый,смотрится почти на одном дыхании,с завязанным сюжетом и не менее крутой музыкой.Кино очень понравилось!!!Всем советую.", "pub_date": "2023-04-27T10:00:21.117Z"}}, {"model": "reviews.review", "pk": 25, "fields": {"author": 104, "title": 9, "score": 1, "text": "Отстой-фильм. Не ходите", "pub_date": "2023-04-27T10:00:21.120Z"}}, {"model": "reviews.review", "pk": 26, "fields": {"author": 100, "title": 9, "score": 10, "text": "Для людей, которые хотят посмеяться и получить море эмоций, тот самый фильм. Мне очень понравился.", "pub_date": "2023-04-27T10:00:21.114Z"}}, {"model": "reviews.review", "pk": 27, "fields": {"author": 101, "title": 10, "score": 2, "text": "Первый раз в жизни решила написать отзыв,чтобы предостеречь от потери денег на билет и траты времени на просмотр. К игре актеров претензий нет", "pub_date": "2023-04-27T10:00:21.123Z"}}, {"model": "reviews.review", "pk": 28, "fields": {"author": 102, "title": 10, "score": 10, "text": "2 часа смотрятся на одном дыхании. Спецэффекты на уровне фильмов Марвела. Смотрели всей семьей. Посмотрел несколько отзывов, понял , что фильм стоит посмотреть", "pub_date": "2023-04-27T10:00:21.126Z"}}, {"model": "reviews.review", "pk": 29, "fields": {"author": 103, "title": 11, "score": 1, "text": "Действия персонажей вызывают постоянный вопросы - что и зачем они это делают. Логики просто нет. После половины фильма уже хочется уйти", "pub_date": "2023-04-27T10:00:21.132Z"}}, {"model": "reviews.review", "pk": 30, "fields": {"author": 104, "title": 11, "score": 10, "text": "Лучший фильм, однозначно. Шедевр. Но следует понимать, что это не кино под пиво для молодежи. Стильно снято, на одном дыхании\nсмотрится, персонажи великолепны", "pub_date": "2023-04-27T10:00:21.134Z"}}, {"model": "reviews.review", "pk": 31, "fields": {"author": 100, "title": 11, "score": 1, "text": "Тупее не видел, смотреть не интересно скучняк", "pub_date": "2023-04-27T10:00:21.129Z"}}, {"model": "reviews.review", "pk": 32, "fields": {"author": 101, "title": 12, "score": 8, "text": "Фильм интересный,но не доработанный.Остроты сюжета не хватает", "pub_date": "2023-04-27T10:00:21.137Z"}}, {"model": "reviews.review", "pk": 33, "fields": {"author": 102, "title": 12, "score": 10, "text": "Самая сильная картина за последнее время. Фильм заставляет плакать, радоваться, грустить, держит в напряжении", "pub_date": "2023-04-27T10:00:21.140Z"}}, {"model": "reviews.review", "pk": 34, "fields": {"author": 103, "title": 12, "score": 9, "text": "С огромным удовольствием сходила в кинотеатр. Одноразовые фильмы, названия которых забываешь на выходе из дверей кинозала, разочаровывают. И вот настоящий, душевный, жизненный фильм. Игра акторов и сюжет бомбические.", "pub_date": "2023-04-27T10:00:21.143Z"}}, {"model": "reviews.review", "pk": 35, "fields": {"author": 104, "title": 13, "score": 1, "text": "Что сказать после просмотра? Ничего. Такое ощущение, что тебя обманули, заставили смотреть за твои деньги на стену", "pub_date": "2023-04-27T10:00:21.151Z"}}, {"model": "reviews.review", "pk": 36, "fields": {"author": 100, "title": 13, "score": 2, "text": "Хотелось уйти уже на двадцатой минуте. Неинтересно и нудно. Режиссура не впечатлила, ну просто неинтересно смотреть было", "pub_date": "2023-04-27T10:00:21.145Z"}}, {"model": "reviews.review", "pk": 37, "fields": {"author": 101, "title": 13, "score": 8, "text": "Фильм стоит увидеть тем, кому интересно современное кино. Не скучно, не затянуто, понравилась операторская работа, некоторые сцены сделаны на хорошем уровне", "pub_date": "2023-04-27T10:00:21.148Z"}}, {"model": "reviews.review", "pk": 38, "fields": {"author": 102, "title": 15, "score": 2, "text": "Муторно и тяжело. Ставлю 2", "pub_date": "2023-04-27T10:00:21.163Z"}}, {"model": "reviews.review", "pk": 39, "fields": {"author": 103, "title": 15, "score": 3, "text": "Фильм не оправдал ожиданий. Сплошная каша, слабый сценарий. С трудом досмотрела до конца. Ожидала нечто такого интересного и захватывающее. Полное разочарование. Отдельные несвязные сцены, непонятные диалоги", "pub_date": "2023-04-27T10:00:21.165Z"}}, {"model": "reviews.review", "pk": 40, "fields": {"author": 104, "title": 15, "score": 9, "text": "Мне фильм понравился. Все качественно,красиво. Игра актеров, в основном, очень даже. Но слишком много, для меня кровавых сцен,слабонервным просьба не смотреть", "pub_date": "2023-04-27T10:00:21.168Z"}}, {"model": "reviews.review", "pk": 41, "fields": {"author": 100, "title": 16, "score": 1, "text": "Зря потерянное время! Эмоции после просмотра, - безысходность, ничего уже не изменишь. Фильм вообще никакой!!!\nИ поставили его люди бездарные и никчёмные!!!", "pub_date": "2023-04-27T10:00:21.171Z"}}, {"model": "reviews.review", "pk": 42, "fields": {"author": 101, "title": 16, "score": 2, "text": "После просмотра разочарование граничит с шоком. Бездарный фильм, как предыдущий от этого же режиссера. Не рекомендую никому! Плохо, неправдоподобно, скомкано снято.", "pub_date": "2023-04-27T10:00:21.174Z"}}, {"model": "reviews.review", "pk": 43, "fields": {"author": 102, "title": 16, "score": 10, "text": "Фильм мощный. Главное - не занимать чью-то позицию, а смотреть со стороны. Впервые вижу, чтобы было так детально показаны переживания и эмоции каждого героя. Все на своем месте. Актеры и графика на высоте.", "pub_date": "2023-04-27T10:00:21.177Z"}}, {"model": "reviews.review", "pk": 44, "fields": {"author": 103, "title": 17, "score": 10, "text": "Если такой жанр вам по вкусу, то даже не сомневайтесь - бегом в кинотеатр! Фильм - огонь! Интересный сюжет, великолепная игра актёров, съёмки просто супер, да и спецэффекты на высоте", "pub_date": "2023-04-27T10:00:21.180Z"}}, {"model": "reviews.review", "pk": 45, "fields": {"author": 104, "title": 18, "score": 8, "text": "Сюжет, мысль, философия, игра актеров, эмоции - блеск! Сюжет динамичный, игра актёров хороша, но не идеальна.", "pub_date": "2023-04-27T10:00:21.188Z"}}, {"model": "reviews.review", "pk": 46, "fields": {"author": 100, "title": 18, "score": 2, "text": "Разочарованине, вытащила себя в кино, а тут такое. Реклама шла мноообещающая, а в реальности всё не то", "pub_date": "2023-04-27T10:00:21.185Z"}}, {"model": "reviews.review", "pk": 47, "fields": {"author": 101, "title": 19, "score": 10, "text": "Неправдоподобный, нелогичный, бессмысленный фильм. Просто никакой, можете даже не смотреть, сути не уловите. Мне понравился", "pub_date": "2023-04-27T10:00:21.191Z"}}, {"model": "reviews.review", "pk": 48, "fields": {"author": 102, "title": 19, "score": 8, "text": "Интересно продуманный фильм, цепляет необычным сюжетом. длинный, что бывает не во всех фильмах. Актёры крутые. В общем, посмотреть можно.", "pub_date": "2023-04-27T10:00:21.194Z"}}, {"model": "reviews.review", "pk": 49, "fields": {"author": 103, "title": 20, "score": 10, "text": "Внимательно слежу за всеми новыми изданиями, покупаю каждое. Лучший триллер тысячелетия — это «Колобок»", "pub_date": "2023-04-27T10:00:21.197Z"}}, {"model": "reviews.review", "pk": 50, "fields": {"author": 104, "title": 20, "score": 10, "text": "А вот у кипчаков «колобок» — шарик из навоза! И сказка приобретает совсем другой смысл! «Не хитри, а то навоза накушаешься!»", "pub_date": "2023-04-27T10:00:21.200Z"}}, {"model": "reviews.review", "pk": 51, "fields": {"author": 100, "title": 21, "score": 1, "text": "Прочла от начала до конца, не отрываясь. Ужасная книга, чему она может научить нашу молодёжь.", "pub_date": "2023-04-27T10:00:21.202Z"}}, {"model": "reviews.review", "pk": 52, "fields": {"author": 101, "title": 21, "score": 10, "text": "Суровые американские семидесятые в документальном изложении. Как автор дожил до 2005-го года — загадка. Но роман прекрасный.", "pub_date": "2023-04-27T10:00:21.205Z"}}, {"model": "reviews.review", "pk": 53, "fields": {"author": 102, "title": 22, "score": 10, "text": "Многабукуф. Ниасилил. В аннотации написано — «великий роман», так что ставлю максимальную оценку", "pub_date": "2023-04-27T10:00:21.208Z"}}, {"model": "reviews.review", "pk": 54, "fields": {"author": 103, "title": 22, "score": 10, "text": "Если такой жанр вам по вкусу, то даже не сомневайтесь: садитесь читать! Роман - огонь! Интересный сюжет, великолепные персонажи, небо Аустерлица и встреча с дубом", "pub_date": "2023-04-27T10:00:21.211Z"}}, {"model": "reviews.review", "pk": 55, "fields": {"author": 104, "title": 22, "score": 8, "text": "Я ВиМ в школе читал (заставляли), а потом опять случайно прочёл, и оказалось, что он и правла великий, а не просто так. Не ставлю десятку только в память о школьных мучениях", "pub_date": "2023-04-27T10:00:21.215Z"}}, {"model": "reviews.review", "pk": 56, "fields": {"author": 100, "title": 23, "score": 3, "text": "Ничего не понял", "pub_date": "2023-04-27T10:00:21.217Z"}}, {"model": "reviews.review", "pk": 57, "fields": {"author": 101, "title": 23, "score": 1, "text": "Не понял вообще ничего", "pub_date": "2023-04-27T10:00:21.221Z"}}, {"model": "reviews.review", "pk": 58, "fields": {"author": 102, "title": 23, "score": 8, "text": "Совсем непонятно, но здорово", "pub_date": "2023-04-27T10:00:21.222Z"}}, {"model": "reviews.review", "pk": 59, "fields": {"author": 103, "title": 23, "score": 10, "text": "Что это было?! Десятка за уровень непонятности", "pub_date": "2023-04-27T10:00:21.226Z"}}, {"model": "reviews.review", "pk": 60, "fields": {"author": 104, "title": 23, "score": 10, "text": "Детально комментировать не буду, но это шедевр", "pub_date": "2023-04-27T10:00:21.229Z"}}, {"model": "reviews.review", "pk": 63, "fields": {"author": 102, "title": 24, "score": 2, "text": "Не может быть такого. Это всё придумано, автор попытался обмануть читателя, но мы, читатели, умнее его. Нас вокруг пальца не обведёшь!!", "pub_date": "2023-04-27T10:00:21.232Z"}}, {"model": "reviews.review", "pk": 64, "fields": {"author": 103, "title": 24, "score": 9, "text": "Всё совершенно не так, как на самом деле, и в документальной повести это хорошо описано", "pub_date": "2023-04-27T10:00:21.235Z"}}, {"model": "reviews.review", "pk": 65, "fields": {"author": 104, "title": 25, "score": 10, "text": "Если бы я только мог на минутку перестать бумкать головой по ступенькам и как следует сосредоточиться — я бы написал прекрасный отзыв. Но увы — сосредоточиться-то мне и некогда: учёба, работа. Просто поставлю пятёрку", "pub_date": "2023-04-27T10:00:21.240Z"}}, {"model": "reviews.review", "pk": 66, "fields": {"author": 100, "title": 25, "score": 10, "text": "Это просто «Война и мир» для детей. Читать всем", "pub_date": "2023-04-27T10:00:21.237Z"}}, {"model": "reviews.review", "pk": 67, "fields": {"author": 101, "title": 26, "score": 10, "text": "Слушаю и плачу. Плачу, но слушаю", "pub_date": "2023-04-27T10:00:21.243Z"}}, {"model": "reviews.review", "pk": 68, "fields": {"author": 102, "title": 27, "score": 1, "text": "Какой-то непонятный шум. Неужели это кто-то слушает?", "pub_date": "2023-04-27T10:00:21.246Z"}}, {"model": "reviews.review", "pk": 69, "fields": {"author": 103, "title": 27, "score": 2, "text": "Ничего не понятно. О чём эта песня, чему она учит?", "pub_date": "2023-04-27T10:00:21.249Z"}}, {"model": "reviews.review", "pk": 70, "fields": {"author": 104, "title": 28, "score": 10, "text": "Йэн Андерсон великий!!!!!!!!1111", "pub_date": "2023-04-27T10:00:21.255Z"}}, {"model": "reviews.review", "pk": 71, "fields": {"author": 100, "title": 28, "score": 10, "text": "Неужели песню про аквалангистов перевели на английский?! Ну наконец-то! Аквалангисты — это хорошо!", "pub_date": "2023-04-27T10:00:21.252Z"}}, {"model": "reviews.review", "pk": 72, "fields": {"author": 101, "title": 29, "score": 10, "text": "Мы прыгали, вертелись и кружились так, что пол ходил ходуном!", "pub_date": "2023-04-27T10:00:21.257Z"}}, {"model": "reviews.review", "pk": 73, "fields": {"author": 104, "title": 30, "score": 10, "text": "Это единственный риф, который я умею играть на своей супердорогой гитаре! Моя любимая песня", "pub_date": "2023-04-27T10:00:21.260Z"}}, {"model": "reviews.review", "pk": 74, "fields": {"author": 100, "title": 31, "score": 8, "text": "Странно: Моцарт - австриец, а марш - турецкий. Не понимаю, как так вышло. Звучит красиво, но за географическую путаницу ставлю восемь", "pub_date": "2023-04-27T10:00:21.263Z"}}, {"model": "reviews.review", "pk": 75, "fields": {"author": 102, "title": 32, "score": 10, "text": "Бах forever. Это вам не три аккорда на гитаре, как у смок он зе вотер", "pub_date": "2023-04-27T10:00:21.266Z"}}, {"model": "reviews.comment", "pk": 1, "fields": {"author": 102, "review": 6, "text": "Ничего подобного, в фильме всё не так, и программирование тут вообще ни при чём!", "pub_date": "2023-04-27T10:00:21.269Z"}}, {"model": "reviews.comment", "pk": 2, "fields": {"author": 101, "review": 6, "text": "Ну надо же, не нашлось ничего лучшего, кроме как прокомментировать разговор про гамбургеры, будто в фильме ничего важнее этого нет", "pub_date": "2023-04-27T10:00:21.272Z"}}, {"model": "reviews.comment", "pk": 3, "fields": {"author": 103, "review": 6, "text": "Кстати, а что такое \"четверть фунта\"? В граммах это сколько?", "pub_date": "2023-04-27T10:00:21.275Z"}}]